antecedents,consequents,antecedent support,consequent support,support,confidence,lift,representativity,leverage,conviction,zhangs_metric,jaccard,certainty,kulczynski
frozenset({'bread'}),frozenset({'milk'}),0.38,0.28,0.22,0.5789473684210527,2.068,1.0,0.11359999999999999,1.71,0.8328445747800587,0.49999999999999994,0.41520467836257313,0.6823308270676691
frozenset({'milk'}),frozenset({'bread'}),0.28,0.38,0.22,0.7857142857142857,2.068,1.0,0.11359999999999999,2.893333333333333,0.7171717171717172,0.49999999999999994,0.6543778801843317,0.6823308270676691
frozenset({'bread'}),frozenset({'butter'}),0.38,0.28,0.2,0.5263157894736842,1.88,1.0,0.0936,1.5199999999999998,0.7548387096774194,0.43478260869565216,0.3421052631578947,0.6203007518796992
frozenset({'butter'}),frozenset({'bread'}),0.28,0.38,0.2,0.7142857142857143,1.88,1.0,0.0936,2.17,0.65,0.43478260869565216,0.5391705069124424,0.6203007518796992
